title,price
It's Only the Himalayas,£45.17
Scott Pilgrim's Precious Little Life (Scott Pilgrim #1),£52.29
Olio,£23.88
Rip it Up and Start Again,£35.02
Mesaerion: The Best Science Fiction Stories 1800-1849,£37.59
"Our Band Could Be Your Life: Scenes from the American Indie Underground, 1981-1991",£57.25
Libertarianism for Beginners,£51.33
"Starving Hearts (Triangular Trade Trilogy, #1)",£13.99
The Dirty Little Secrets of Getting Your Dream Job,£33.34
Set Me Free,£17.46
"The Coming Woman: A Novel Based on the Life of the Infamous Feminist, Victoria Woodhull",£17.93
The Boys in the Boat: Nine Americans and Their Epic Quest for Gold at the 1936 Berlin Olympics,£22.60
Shakespeare's Sonnets,£20.66
The Requiem Red,£22.65
The Black Maria,£52.15
Sharp Objects,£47.82
In Her Wake,£12.84
A Light in the Attic,£51.77
You can't bury them all: Poems,£33.63
Soumission,£50.10
Tipping the Velvet,£53.74
Sapiens: A Brief History of Humankind,£54.23
The Bear and the Piano,£36.89
"In a Dark, Dark Wood",£19.63
The Elephant Tree,£23.82
Behind Closed Doors,£52.22
The Five Love Languages: How to Express Heartfelt Commitment to Your Mate,£31.05
Sophie's World,£15.94
Penny Maybe,£33.29
Maude (1883-1993):She Grew Up with the country,£18.02
The Four Agreements: A Practical Guide to Personal Freedom,£17.66
Worlds Elsewhere: Journeys Around Shakespeare’s Globe,£40.30
America's Cradle of Quarterbacks: Western Pennsylvania's Football Factory from Johnny Unitas to Joe Montana,£22.50
Black Dust,£34.53
Wall and Piece,£44.18
Birdsong: A Story in Pictures,£54.64
Chase Me (Paris Nights #2),£25.27
Aladdin and His Wonderful Lamp,£53.13
"The Disappearing Spoon: And Other True Tales of Madness, Love, and the History of the World from the Periodic Table of the Elements",£57.35
"Surely You're Joking, Mr. Feynman!: Adventures of a Curious Character",£25.83
The Selfish Gene,£29.45
"The Elegant Universe: Superstrings, Hidden Dimensions, and the Quest for the Ultimate Theory",£13.03
Peak: Secrets from the New Science of Expertise,£16.28
The Natural History of Us (The Fine Art of Pretending #2),£45.22
Seven Brief Lessons on Physics,£30.60
Life,£31.58
Choosing Our Religion: The Spiritual Lives of America's Nones,£28.42
Old Records Never Die: One Man's Quest for His Vinyl and His Past,£55.66
The Bhagavad Gita,£57.49
"A History of God: The 4,000-Year Quest of Judaism, Christianity, and Islam",£27.62
God: The Most Unpleasant Character in All Fiction,£30.03
The Book of Mormon,£24.57
No One Here Gets Out Alive,£20.02
"Vampire Knight, Vol. 1 (Vampire Knight #1)",£15.40
Leave This Song Behind: Teen Poetry at Its Best,£51.17
Twenty Love Poems and a Song of Despair,£30.95
Shtum,£55.84
The Crossover,£38.77
Booked,£17.49
"At The Existentialist Café: Freedom, Being, and apricot cocktails with: Jean-Paul Sartre, Simone de Beauvoir, Albert Camus, Martin Heidegger, Edmund Husserl, Karl Jaspers, Maurice Merleau-Ponty and others",£29.93
The Collected Poems of W.B. Yeats (The Collected Works of W.B. Yeats #1),£15.42
The Matchmaker's Playbook (Wingmen Inc. #1),£55.85
The Hook Up (Game On #1),£36.29
Shameless,£58.35
Off Sides (Off #1),£39.45
"Rat Queens, Vol. 3: Demons (Rat Queens (Collected Editions) #11-15)",£50.40
The Mistake (Off-Campus #2),£43.29
Reskilling America: Learning to Labor in the Twenty-First Century,£19.83
The Lonely Ones,£43.59
Kill 'Em and Leave: Searching for James Brown and the American Soul,£45.05
Love Is a Mix Tape (Music #1),£18.03
The Wild Robot,£56.07
The Thing About Jellyfish,£48.77
"Don't Be a Jerk: And Other Practical Advice from Dogen, Japan's Greatest Zen Master",£37.97
The Day the Crayons Came Home (Crayons),£26.33
Please Kill Me: The Uncensored Oral History of Punk,£31.19
The First Hostage (J.B. Collins #2),£25.85
The Time Keeper,£27.88
Proofs of God: Classical Arguments from Tertullian to Barth,£54.21
Take Me with You,£45.21
Finders Keepers (Bill Hodges Trilogy #2),£53.53
The Stranger,£17.44
Kierkegaard: A Christian Missionary to Christians,£47.13
The Testament of Mary,£52.67
"Layered: Baking, Building, and Styling Spectacular Cakes",£40.11
"Lumberjanes, Vol. 1: Beware the Kitten Holy (Lumberjanes #1-4)",£45.61
Lumberjanes Vol. 3: A Terrible Plan (Lumberjanes #9-12),£19.92
"Lumberjanes, Vol. 2: Friendship to the Max (Lumberjanes #5-8)",£46.91
Judo: Seven Steps to Black Belt (an Introductory Guide for Beginners),£53.90
In the Country We Love: My Family Divided,£22.00
Join,£35.67
The Omnivore's Dilemma: A Natural History of Four Meals,£38.21
The Power of Now: A Guide to Spiritual Enlightenment,£43.54
"Shrunken Treasures: Literary Classics, Short, Sweet, and Silly",£52.87
The Genius of Birds,£17.24
So You've Been Publicly Shamed,£12.23
The Whale,£35.96
The Artist's Way: A Spiritual Path to Higher Creativity,£38.49
Nap-a-Roo,£25.08
Tuesday Nights in 1980,£21.04
Maybe Something Beautiful: How Art Transformed a Neighborhood,£22.54
Masks and Shadows,£56.40
The Vacationers,£42.15
The Regional Office Is Under Attack!,£51.36
Raymie Nightingale,£34.41
"Mama Tried: Traditional Italian Cooking for the Screwed, Crude, Vegan, and Tattooed",£14.02
Playing from the Heart,£32.38
Burning,£28.81
"Bitch Planet, Vol. 1: Extraordinary Machine (Bitch Planet (Collected Editions))",£37.92
Camp Midnight,£17.08
"Avatar: The Last Airbender: Smoke and Shadow, Part 3 (Smoke and Shadow #3)",£28.09
Call the Nurse: True Stories of a Country Nurse on a Scottish Isle,£29.14
"Codename Baboushka, Volume 1: The Conclave of Death",£36.72
Bossypants,£49.46
Algorithms to Live By: The Computer Science of Human Decisions,£30.81
Once Was a Time,£18.28
Crown of Midnight (Throne of Glass #2),£43.29
Luis Paints the World,£53.95
Little Red,£13.47
Twenty Yawns,£22.08
Rain Fish,£23.57
Walt Disney's Alice in Wonderland,£12.96
The Edge of Reason (Bridget Jones #2),£19.18
A Brush of Wings (Angels Walking #3),£55.51
America's War for the Greater Middle East: A Military History,£51.22
The Midnight Watch: A Novel of the Titanic and the Californian,£26.20
Bridget Jones's Diary (Bridget Jones #1),£29.82
Danganronpa Volume 1,£51.99
Everydata: The Misinformation Hidden in the Little Data You Consume Every Day,£54.35
Rook,£37.86
Thirteen Reasons Why,£52.72
The Wedding Dress,£24.12
Tracing Numbers on a Train,£41.60
Thomas Jefferson and the Tripoli Pirates: The Forgotten War That Changed American History,£59.64
The White Cat and the Monk: A Retelling of the Poem “Pangur Bán”,£58.08
The Third Wave: An Entrepreneur’s Vision of the Future,£12.61
Throne of Glass (Throne of Glass #1),£35.07
"William Shakespeare's Star Wars: Verily, A New Hope (William Shakespeare's Star Wars #4)",£43.30
A Fierce and Subtle Poison,£28.13
(Un)Qualified: How God Uses Broken People to Do Big Things,£54.00
A Court of Thorns and Roses (A Court of Thorns and Roses #1),£52.37
A Flight of Arrows (The Pathfinders #2),£55.53
"A Piece of Sky, a Grain of Rice: A Memoir in Four Meditations",£56.76
A Murder in Time,£16.64
A World of Flavor: Your Gluten Free Passport,£42.95
"""Most Blessed of the Patriarchs"": Thomas Jefferson and the Empire of the Imagination",£44.48
A Short History of Nearly Everything,£52.40
The Rise and Fall of the Third Reich: A History of Nazi Germany,£39.67
Catherine the Great: Portrait of a Woman,£58.55
Code Name Verity (Code Name Verity #1),£22.13
More Than Music (Chasing the Dream #1),£37.61
The Hiding Place,£55.91
The Mathews Men: Seven Brothers and the War Against Hitler's U-boats,£42.91
The Stand,£57.86
Shadows of the Past (Logan Point #1),£39.67
Redeeming Love,£20.47
Close to You,£49.46
Like Never Before (Walker Family #2),£28.77
Counted With the Stars (Out from Egypt #1),£17.97
If I Run (If I Run #1),£49.97
"Overload: How to Unplug, Unwind, and Unleash Yourself from the Pressure of Stress",£52.15
The Widow,£27.26
What Happened on Beale Street (Secrets of the South Mysteries #2),£25.37
Playing with Fire,£13.71
1491: New Revelations of the Americas Before Columbus,£21.80
Brilliant Beacons: A History of the American Lighthouse,£11.45
A Distant Mirror: The Calamitous 14th Century,£14.58
Zealot: The Life and Times of Jesus of Nazareth,£24.70
The Bachelor Girl's Guide to Murder (Herringford and Watts Mysteries #1),£52.30
The White Queen (The Cousins' War #1),£25.91
"Shobu Samurai, Project Aryoku (#3)",£29.06
Modern Romance,£28.26
Night Shift (Night Shift #1-20),£12.75
Dracula the Un-Dead,£35.63
Needful Things,£47.51
Misery,£34.79
Everyday Italian: 125 Simple and Delicious Recipes,£20.10
The Argonauts,£10.93
The 10% Entrepreneur: Live Your Startup Dream Without Quitting Your Day Job,£27.55
The Art of War,£33.34
If I Gave You God's Phone Number....: Searching for Spirituality in America,£20.91
Logan Kade (Fallen Crest High #5.5),£13.12
A New Earth: Awakening to Your Life's Purpose,£55.65
Unreasonable Hope: Finding Faith in the God Who Brings Purpose to Your Pain,£46.33
A Study in Scarlet (Sherlock Holmes #1),£16.73
Poisonous (Max Revere Novels #3),£26.80
Most Wanted,£35.28
Murder at the 42nd Street Library (Raymond Ambler #1),£54.36
Boar Island (Anna Pigeon #19),£59.48
Hide Away (Eve Duncan #20),£11.84
Mrs. Houdini,£30.25
"Nightingale, Sing",£38.28
The Loney,£23.40
Doctor Sleep (The Shining #2),£40.12
Pet Sematary,£10.56
Barefoot Contessa Back to Basics,£28.01
"It's All Easy: Healthy, Delicious Weeknight Meals in under 30 Minutes",£19.55
"Deliciously Ella Every Day: Quick and Easy Recipes for Gluten-Free Snacks, Packed Lunches, and Simple Meals",£42.16
The Help Yourself Cookbook for Kids: 60 Easy Plant-Based Recipes Kids Can Make to Stay Healthy and Save the Earth,£28.77
"Far & Away: Places on the Brink of Change: Seven Continents, Twenty-Five Years",£15.06
Buying In: The Secret Dialogue Between What We Buy and Who We Are,£37.80
Chasing Heaven: What Dying Taught Me About Living,£37.80
"Eaternity: More than 150 Deliciously Easy Vegan Recipes for a Long, Healthy, Satisfied, Joyful Life",£51.75
A Time of Torment (Charlie Parker #14),£48.35
Tastes Like Fear (DI Marnie Rome #3),£10.69
That Darkness (Gardiner and Renner #1),£13.92
The Last Mile (Amos Decker #2),£54.21
Brain on Fire: My Month of Madness,£49.32
Doing It Over (Most Likely To #1),£35.61
Done Rubbed Out (Reightman & Bailey #1),£37.72
First Steps for New Christians (Print Edition),£29.00
Drive: The Surprising Truth About What Motivates Us,£34.95
"Fables, Vol. 1: Legends in Exile (Fables #1)",£41.62
Eureka Trivia 6.0,£54.59
When You Are Engulfed in Flames,£30.89
Holidays on Ice,£51.07
"Lamb: The Gospel According to Biff, Christ's Childhood Pal",£55.50
Naked,£31.69
The Bad-Ass Librarians of Timbuktu: And Their Race to Save the World’s Most Precious Manuscripts,£15.77
No Dream Is Too High: Life Lessons From a Man Who Walked on the Moon,£21.95
Swell: A Year of Waves,£45.58
Looking for Lovely: Collecting the Moments that Matter,£29.14
Let It Out: A Journey Through Journaling,£26.79
Follow You Home,£21.36
Hamilton: The Revolution,£58.79
Frostbite (Vampire Academy #2),£29.99
I Had a Nice Time And Other Lies...: How to find love & sh*t like that,£57.36
Grumbles,£22.16
Hollow City (Miss Peregrine’s Peculiar Children #2),£42.98
Full Moon over Noah’s Ark: An Odyssey to Mount Ararat and Beyond,£49.43
Why the Right Went Wrong: Conservatism--From Goldwater to the Tea Party and Beyond,£52.65
"Wonder Woman: Earth One, Volume One (Wonder Woman: Earth One #1)",£37.34
Wild Swans,£14.36
The Long Haul (Diary of a Wimpy Kid #9),£44.07
Old School (Diary of a Wimpy Kid #10),£11.83
I Know What I'm Doing -- and Other Lies I Tell Myself: Dispatches from a Life Under Construction,£25.98
"Hyperbole and a Half: Unfortunate Situations, Flawed Coping Mechanisms, Mayhem, and Other Things That Happened",£14.75
Dress Your Family in Corduroy and Denim,£43.68
Whole Lotta Creativity Going On: 60 Fun and Unusual Exercises to Awaken and Strengthen Your Creativity,£38.20
The Year of Magical Thinking,£43.04
What's It Like in Space?: Stories from Astronauts Who've Been There,£19.60
Agnostic: A Spirited Manifesto,£12.51
Toddlers Are A**holes: It's Not Your Fault,£25.55
The Literature Book (Big Ideas Simply Explained),£17.43
You (You #1),£43.61
Amatus,£50.54
A Girl's Guide to Moving On (New Beginnings #2),£31.30
A Gentleman's Position (Society of Gentlemen #3),£14.75
"Sit, Stay, Love",£20.90
This Is Where It Ends,£27.12
The Wright Brothers,£56.80
Through the Woods,£25.38
The Wedding Pact (The O'Malleys #2),£32.61
The Grownup,£35.88
Me Talk Pretty One Day,£57.60
Lust & Wonder,£11.87
Life Without a Recipe,£59.04
Fifty Shades Freed (Fifty Shades #3),£15.36
Suzie Snowflake: One beautiful flake (a self-esteem story),£54.81
Catastrophic Happiness: Finding Joy in Childhood's Messy Years,£37.35
A Heartbreaking Work of Staggering Genius,£54.29
Matilda,£28.34
Charlie and the Chocolate Factory (Charlie Bucket #1),£22.85
Diary of a Minecraft Zombie Book 1: A Scare of a Dare (An Unofficial Minecraft Book),£52.88
"Eat Fat, Get Thin",£54.07
The Art and Science of Low Carbohydrate Living,£52.98
The Rosie Project (Don Tillman #1),£54.04
10-Day Green Smoothie Cleanse: Lose Up to 15 Pounds in 10 Days!,£49.71
Hold Your Breath (Search and Rescue #1),£28.82
Off the Hook (Fishing for Trouble #1),£47.67
Dirty (Dive Bar #1),£40.83
Take Me Home Tonight (Rock Star Romance #3),£53.98
Blue Like Jazz: Nonreligious Thoughts on Christian Spirituality,£25.77
Silence in the Dark (Logan Point #4),£58.33
Crazy Love: Overwhelmed by a Relentless God,£47.72
The Songs of the Gods,£44.48
M Train,£27.18
Running with Scissors,£12.91
Lab Girl,£40.85
Approval Junkie: Adventures in Caring Too Much,£58.81
Counting Thyme,£10.62
Green Eggs and Ham (Beginner Books B-16),£10.79
Red: The True Story of Red Riding Hood,£28.54
Horrible Bear!,£37.52
The Cat in the Hat (Beginner Books B-1),£16.26
"Love That Boy: What Two Presidents, Eight Road Trips, and My Son Taught Me About a Parent's Expectations",£25.06
Rising Strong,£21.82
Man's Search for Meaning,£29.48
I Will Find You,£44.21
Brazen: The Courage to Find the You That's Been Hiding,£19.22
Living Forward: A Proven Plan to Stop Drifting and Get the Life You Want,£12.55
The 14th Colony (Cotton Malone #11),£39.24
The Guilty (Will Robie #4),£13.82
The Bane Chronicles (The Bane Chronicles #1-11),£44.73
The Darkest Lie,£35.35
The Marriage of Opposites,£28.08
The Lucifer Effect: Understanding How Good People Turn Evil,£10.40
The Power of Habit: Why We Do What We Do in Life and Business,£16.88
The Hidden Oracle (The Trials of Apollo #1),£52.26
Are We There Yet?,£10.66
Hystopia: A Novel,£21.96
The Bourne Identity (Jason Bourne #1),£42.78
Sister Dear,£40.20
Me Before You (Me Before You #1),£19.02
Memoirs of a Geisha,£49.67
"Unbroken: A World War II Story of Survival, Resilience, and Redemption",£45.95
The Star-Touched Queen,£46.02
Chernobyl 01:23:40: The Incredible True Story of the World's Worst Nuclear Disaster,£35.92
"Naruto (3-in-1 Edition), Vol. 14: Includes Vols. 40, 41 & 42 (Naruto: Omnibus #14)",£38.39
"Red Hood/Arsenal, Vol. 1: Open for Business (Red Hood/Arsenal #1)",£25.48
Robin War,£47.82
Steve Jobs,£39.50
"So Cute It Hurts!!, Vol. 6 (So Cute It Hurts!! #6)",£35.43
See America: A Celebration of Our National Parks & Treasured Sites,£48.87
Superman Vol. 1: Before Truth (Superman by Gene Luen Yang #1),£11.89
History of Beauty,£10.29
The New Drawing on the Right Side of the Brain,£43.02
Art and Fear: Observations on the Perils (and Rewards) of Artmaking,£48.63
"Zero to One: Notes on Startups, or How to Build the Future",£34.06
The Story of Art,£41.14
Ways of Seeing,£39.51
The Art Book,£32.34
Lies and Other Acts of Love,£45.14
Daredevils,£16.34
11/22/63,£48.48
The Shack,£28.03
"Mother, Can You Not?",£16.89
Snatched: How A Drug Queen Went Undercover for the DEA and Was Kidnapped By Colombian Guerillas,£21.21
"The Sleep Revolution: Transforming Your Life, One Night at a Time",£11.68
Furiously Happy: A Funny Book About Horrible Things,£41.46
Island of Dragons (Unwanteds #7),£29.65
"Hush, Hush (Hush, Hush #1)",£47.02
Lady Midnight (The Dark Artifices #1),£16.28
Made to Stick: Why Some Ideas Survive and Others Die,£38.85
Luckiest Girl Alive,£49.83
"Living Leadership by Insight: A Good Leader Achieves, a Great Leader Builds Monuments",£46.91
Lowriders to the Center of the Earth (Lowriders in Space #2),£51.51
Feathers: Displays of Brilliant Plumage,£49.05
A Mother's Reckoning: Living in the Aftermath of Tragedy,£19.53
"10% Happier: How I Tamed the Voice in My Head, Reduced Stress Without Losing My Edge, and Found Self-Help That Actually Works",£24.57
My Kind of Crazy,£40.36
Balloon Animals,£17.03
The Silent Sister (Riley MacPherson #1),£46.29
The Dinner Party,£56.54
A Man Called Ove,£39.72
The Improbability of Love,£59.45
Crazy Rich Asians (Crazy Rich Asians #1),£49.13
Big Little Lies,£22.11
Inferno (Robert Langdon #4),£41.00
Dear Mr. Knightley,£11.21
Cometh the Hour (The Clifton Chronicles #6),£25.01
Daily Fantasy Sports,£36.58
Demigods & Magicians: Percy and Annabeth Meet the Kanes (Percy Jackson & Kane Chronicles Crossover #1-3),£37.51
El Deafo,£57.62
Don't Get Caught,£55.35
Eight Hundred Grapes,£14.39
Greek Mythic History,£10.23
Every Last Word,£46.47
The Course of Love,£16.78
Glory over Everything: Beyond The Kitchen House,£45.84
The Lonely City: Adventures in the Art of Being Alone,£33.26
Charity's Cross (Charles Towne Belles #4),£41.24
Bounty (Colorado Mountain #7),£37.26
Deep Under (Walker Security #1),£47.09
Mothering Sunday,£13.34
Why Not Me?,£17.76
The High Mountains of Portugal,£51.15
The Diary of a Young Girl,£59.90
The Husband's Secret,£52.51
Batman: Europa,£32.01
"Carry On, Warrior: Thoughts on Life Unarmed",£31.85
Carrie,£46.23
Art Ops Vol. 1,£48.80
Aristotle and Dante Discover the Secrets of the Universe (Aristotle and Dante Discover the Secrets of the Universe #1),£58.14
Angels & Demons (Robert Langdon #1),£51.48
Listen to Me (Fusion #1),£58.99
City of Ashes (The Mortal Instruments #2),£47.27
Catching Jordan (Hundred Oaks),£50.83
City of Bones (The Mortal Instruments #1),£43.28
Fighting Fate (Fighting #6),£39.24
Clockwork Angel (The Infernal Devices #1),£44.14
City of Fallen Angels (The Mortal Instruments #4),£11.23
Imperfect Harmony,£34.74
This One Moment (Pushing Limits #1),£48.71
The Infinities,£27.41
"Rhythm, Chord & Malykhin",£28.34
My Perfect Mistake (Over the Top #1),£38.92
Digital Fortress,£58.00
Atlas Shrugged,£26.58
Last One Home (New Beginnings #1),£59.98
Three-Martini Lunch,£23.21
The Nightingale,£26.26
"Adulthood Is a Myth: A ""Sarah's Scribbles"" Collection",£10.90
The Da Vinci Code (Robert Langdon #2),£22.96
The Art of Fielding,£22.10
