product_name,price,image_url,product_url
Libra,$24.95,"https://glassesshop-res.cloudinary.com/c_fill,f_auto,fl_lossy,q_auto,w_800,h_400,c_pad/products/202002/5e43692687da0.jpg",https://www.glassesshop.com/eyeglasses/fp2047
Benjamin,$29.95,"https://glassesshop-res.cloudinary.com/c_fill,f_auto,fl_lossy,q_auto,w_800,h_400,c_pad/products/202006/5eddb2e6b03a7.jpg",https://www.glassesshop.com/eyeglasses/fm1466
Prairie,$34.95,"https://glassesshop-res.cloudinary.com/c_fill,f_auto,fl_lossy,q_auto,w_800,h_400,c_pad/products/202005/5eb913470af6b.jpg",https://www.glassesshop.com/eyeglasses/fz1461
Taurus,$24.95,"https://glassesshop-res.cloudinary.com/c_fill,f_auto,fl_lossy,q_auto,w_800,h_400,c_pad/products/202010/5f92387b3fd44.jpg",https://www.glassesshop.com/eyeglasses/fp2134
Haywood,$29.95,"https://glassesshop-res.cloudinary.com/c_fill,f_auto,fl_lossy,q_auto,w_800,h_400,c_pad/products/201812/5c2436744ec7f.jpg",https://www.glassesshop.com/eyeglasses/fm1354
Gulfport,$19.95,"https://glassesshop-res.cloudinary.com/c_fill,f_auto,fl_lossy,q_auto,w_800,h_400,c_pad/products/202006/5ef06e47d9508.jpg",https://www.glassesshop.com/eyeglasses/fp2108
Hayden,$24.95,"https://glassesshop-res.cloudinary.com/c_fill,f_auto,fl_lossy,q_auto,w_800,h_400,c_pad/products/201611/582e6147edb26.jpg",https://www.glassesshop.com/eyeglasses/fp1237
Joplin,$24.95,"https://glassesshop-res.cloudinary.com/c_fill,f_auto,fl_lossy,q_auto,w_800,h_400,c_pad/products/202008/5f30c11add35e.jpg",https://www.glassesshop.com/eyeglasses/fz1491
Gulfport,$19.95,"https://glassesshop-res.cloudinary.com/c_fill,f_auto,fl_lossy,q_auto,w_800,h_400,c_pad/products/202006/5ef06e3a89c4c.jpg",https://www.glassesshop.com/eyeglasses/fp2106
Riverside,$19.95,"https://glassesshop-res.cloudinary.com/c_fill,f_auto,fl_lossy,q_auto,w_800,h_400,c_pad/products/201906/5d031896295ff.jpg",https://www.glassesshop.com/eyeglasses/fm1385
Martin,$29.95,"https://glassesshop-res.cloudinary.com/c_fill,f_auto,fl_lossy,q_auto,w_800,h_400,c_pad/products/201803/5ab4ad5bc248c.jpg",https://www.glassesshop.com/eyeglasses/sm0795
Taurus,$24.95,"https://glassesshop-res.cloudinary.com/c_fill,f_auto,fl_lossy,q_auto,w_800,h_400,c_pad/products/202011/5fb61cb0e291c.jpg",https://www.glassesshop.com/eyeglasses/fp2071
Saxton,$39.95,"https://glassesshop-res.cloudinary.com/c_fill,f_auto,fl_lossy,q_auto,w_800,h_400,c_pad/products/202009/5f616c753590c.jpg",https://www.glassesshop.com/eyeglasses/fm1499
Taurus,$24.95,"https://glassesshop-res.cloudinary.com/c_fill,f_auto,fl_lossy,q_auto,w_800,h_400,c_pad/products/202002/5e43690b02bb9.jpg",https://www.glassesshop.com/eyeglasses/fp2043
Hume,$29.95,"https://glassesshop-res.cloudinary.com/c_fill,f_auto,fl_lossy,q_auto,w_800,h_400,c_pad/products/201901/5c3403881a8fe.jpg",https://www.glassesshop.com/eyeglasses/fz1297
Willie,$19.95,"https://glassesshop-res.cloudinary.com/c_fill,f_auto,fl_lossy,q_auto,w_800,h_400,c_pad/products/201810/5bbc51096d6bb.jpg",https://www.glassesshop.com/eyeglasses/sm0860
Rochester,$29.95,"https://glassesshop-res.cloudinary.com/c_fill,f_auto,fl_lossy,q_auto,w_800,h_400,c_pad/products/201906/5cf730e71cec3.jpg",https://www.glassesshop.com/eyeglasses/fm1263
Oberlin,$19.95,"https://glassesshop-res.cloudinary.com/c_fill,f_auto,fl_lossy,q_auto,w_800,h_400,c_pad/products/201911/5dbfed02cae13.jpg",https://www.glassesshop.com/eyeglasses/fp2035
Oberlin,$19.95,"https://glassesshop-res.cloudinary.com/c_fill,f_auto,fl_lossy,q_auto,w_800,h_400,c_pad/products/202004/5e914ad60c331.jpg",https://www.glassesshop.com/eyeglasses/fp2034
Lyndon,$19.95,"https://glassesshop-res.cloudinary.com/c_fill,f_auto,fl_lossy,q_auto,w_800,h_400,c_pad/products/201807/5b5fc1d09945c.jpg",https://www.glassesshop.com/eyeglasses/fm1286
Bronx,$12.95,"https://glassesshop-res.cloudinary.com/c_fill,f_auto,fl_lossy,q_auto,w_800,h_400,c_pad/products/201910/5d9ff9961f92a.jpg",https://www.glassesshop.com/eyeglasses/fp1979
Oberlin,$19.95,"https://glassesshop-res.cloudinary.com/c_fill,f_auto,fl_lossy,q_auto,w_800,h_400,c_pad/products/202004/5e914ace4f273.jpg",https://www.glassesshop.com/eyeglasses/fp2033
Oberlin,$19.95,"https://glassesshop-res.cloudinary.com/c_fill,f_auto,fl_lossy,q_auto,w_800,h_400,c_pad/products/202001/5e28f5edb550c.jpg",https://www.glassesshop.com/eyeglasses/fp2032
Cooksville,$12.95,"https://glassesshop-res.cloudinary.com/c_fill,f_auto,fl_lossy,q_auto,w_800,h_400,c_pad/products/202009/5f59eebb5cf10.jpg",https://www.glassesshop.com/eyeglasses/fp2010
Asheville,$12.95,"https://glassesshop-res.cloudinary.com/c_fill,f_auto,fl_lossy,q_auto,w_800,h_400,c_pad/products/202008/5f28fbc5c037b.jpg",https://www.glassesshop.com/eyeglasses/fp1992
Rainbow,$12.95,"https://glassesshop-res.cloudinary.com/c_fill,f_auto,fl_lossy,q_auto,w_800,h_400,c_pad/products/201910/5db16a534b675.jpg",https://www.glassesshop.com/eyeglasses/fp2013
Miami,$29.95,"https://glassesshop-res.cloudinary.com/c_fill,f_auto,fl_lossy,q_auto,w_800,h_400,c_pad/products/201910/5d9ffa6c561dc.jpg",https://www.glassesshop.com/eyeglasses/fz1391
Lindsay,$29.95,"https://glassesshop-res.cloudinary.com/c_fill,f_auto,fl_lossy,q_auto,w_800,h_400,c_pad/products/201908/5d4d19dba44c0.jpg",https://www.glassesshop.com/eyeglasses/fz1382
Whittier,$29.95,"https://glassesshop-res.cloudinary.com/c_fill,f_auto,fl_lossy,q_auto,w_800,h_400,c_pad/products/201906/5cf8ca4e9765e.jpg",https://www.glassesshop.com/eyeglasses/fz1313
Asheville,$12.95,"https://glassesshop-res.cloudinary.com/c_fill,f_auto,fl_lossy,q_auto,w_800,h_400,c_pad/products/201910/5d9ff9e77ae6e.jpg",https://www.glassesshop.com/eyeglasses/fp1991
Dubois,$49.95,"https://glassesshop-res.cloudinary.com/c_fill,f_auto,fl_lossy,q_auto,w_800,h_400,c_pad/products/201908/5d4d180867511.jpg",https://www.glassesshop.com/eyeglasses/ft0326
Marlowe,$19.95,"https://glassesshop-res.cloudinary.com/c_fill,f_auto,fl_lossy,q_auto,w_800,h_400,c_pad/products/201907/5d268bd89da12.jpg",https://www.glassesshop.com/eyeglasses/sup0711
Horatio,$19.95,"https://glassesshop-res.cloudinary.com/c_fill,f_auto,fl_lossy,q_auto,w_800,h_400,c_pad/products/201812/5c2436850e3f4.jpg",https://www.glassesshop.com/eyeglasses/sm0874
Maltz,$29.95,"https://glassesshop-res.cloudinary.com/c_fill,f_auto,fl_lossy,q_auto,w_800,h_400,c_pad/products/201907/5d268bd88f69a.jpg",https://www.glassesshop.com/eyeglasses/fz1370
Celia,$19.95,"https://glassesshop-res.cloudinary.com/c_fill,f_auto,fl_lossy,q_auto,w_800,h_400,c_pad/products/201906/5d03189638680.jpg",https://www.glassesshop.com/eyeglasses/fm1389
Celia,$19.95,"https://glassesshop-res.cloudinary.com/c_fill,f_auto,fl_lossy,q_auto,w_800,h_400,c_pad/products/201906/5d031896311f6.jpg",https://www.glassesshop.com/eyeglasses/fm1387
Owen,$19.95,"https://glassesshop-res.cloudinary.com/c_fill,f_auto,fl_lossy,q_auto,w_800,h_400,c_pad/products/201805/5afe7ed0f360c.jpg",https://www.glassesshop.com/eyeglasses/fp1651
Annabel,$39.95,"https://glassesshop-res.cloudinary.com/c_fill,f_auto,fl_lossy,q_auto,w_800,h_400,c_pad/products/201906/5d0318965cdb1.jpg",https://www.glassesshop.com/eyeglasses/ft0304
Wilker,$29.95,"https://glassesshop-res.cloudinary.com/c_fill,f_auto,fl_lossy,q_auto,w_800,h_400,c_pad/products/201904/5cb69b5e59b5c.jpg",https://www.glassesshop.com/eyeglasses/sup0622
Pete,$29.95,"https://glassesshop-res.cloudinary.com/c_fill,f_auto,fl_lossy,q_auto,w_800,h_400,c_pad/products/201807/5b4c5f5d54841.jpg",https://www.glassesshop.com/eyeglasses/fz1207
Westlake,$44.95,"https://glassesshop-res.cloudinary.com/c_fill,f_auto,fl_lossy,q_auto,w_800,h_400,c_pad/products/202005/5eb9129c7a05e.jpg",https://www.glassesshop.com/eyeglasses/fz1437
Genevieve,$34.95,"https://glassesshop-res.cloudinary.com/c_fill,f_auto,fl_lossy,q_auto,w_800,h_400,c_pad/products/201810/5bbc509cc7c07.jpg",https://www.glassesshop.com/eyeglasses/fz1268
Vivian,$29.95,"https://glassesshop-res.cloudinary.com/c_fill,f_auto,fl_lossy,q_auto,w_800,h_400,c_pad/products/201810/5bbc4f0f37405.jpg",https://www.glassesshop.com/eyeglasses/fz1250
Burke,$24.95,"https://glassesshop-res.cloudinary.com/c_fill,f_auto,fl_lossy,q_auto,w_800,h_400,c_pad/products/201805/5b05174513cea.jpg",https://www.glassesshop.com/eyeglasses/fm1243
Jean,$24.95,"https://glassesshop-res.cloudinary.com/c_fill,f_auto,fl_lossy,q_auto,w_800,h_400,c_pad/products/201902/5c7757050ca47.jpg",https://www.glassesshop.com/eyeglasses/fp1719
Derrick,$24.95,"https://glassesshop-res.cloudinary.com/c_fill,f_auto,fl_lossy,q_auto,w_800,h_400,c_pad/products/201805/5af16009d7b28.jpg",https://www.glassesshop.com/eyeglasses/fp1661
Prince,$19.95,"https://glassesshop-res.cloudinary.com/c_fill,f_auto,fl_lossy,q_auto,w_800,h_400,c_pad/products/202005/5eb91ab52f793.jpg",https://www.glassesshop.com/eyeglasses/fp1438
Mandy,$29.95,"https://glassesshop-res.cloudinary.com/c_fill,f_auto,fl_lossy,q_auto,w_800,h_400,c_pad/products/201805/5af25c0791bb4.jpg",https://www.glassesshop.com/eyeglasses/fz1088
Haggai,$24.95,"https://glassesshop-res.cloudinary.com/c_fill,f_auto,fl_lossy,q_auto,w_800,h_400,c_pad/products/202005/5ecb7f0658107.jpg",https://www.glassesshop.com/eyeglasses/fp1775
Poppy,$29.95,"https://glassesshop-res.cloudinary.com/c_fill,f_auto,fl_lossy,q_auto,w_800,h_400,c_pad/products/202010/5f990771305f0.jpg",https://www.glassesshop.com/eyeglasses/fz1032
Christine,$39.95,"https://glassesshop-res.cloudinary.com/c_fill,f_auto,fl_lossy,q_auto,w_800,h_400,c_pad/products/202009/5f6870463d4b7.jpg",https://www.glassesshop.com/eyeglasses/fz1519
Butler,$19.95,"https://glassesshop-res.cloudinary.com/c_fill,f_auto,fl_lossy,q_auto,w_800,h_400,c_pad/products/201904/5cb69b512d7b0.jpg",https://www.glassesshop.com/eyeglasses/fp1841
Oneida,$44.95,"https://glassesshop-res.cloudinary.com/c_fill,f_auto,fl_lossy,q_auto,w_800,h_400,c_pad/products/202009/5f5f30e761077.jpg",https://www.glassesshop.com/eyeglasses/ft0405
Althea,$19.95,"https://glassesshop-res.cloudinary.com/c_fill,f_auto,fl_lossy,q_auto,w_800,h_400,c_pad/products/202007/5f0d02e66cf0b.jpg",https://www.glassesshop.com/eyeglasses/fp2111
Libra,$24.95,"https://glassesshop-res.cloudinary.com/c_fill,f_auto,fl_lossy,q_auto,w_800,h_400,c_pad/products/202002/5e43691fca28d.jpg",https://www.glassesshop.com/eyeglasses/fp2046
Gulfport,$19.95,"https://glassesshop-res.cloudinary.com/c_fill,f_auto,fl_lossy,q_auto,w_800,h_400,c_pad/products/202006/5ef06e410e21c.jpg",https://www.glassesshop.com/eyeglasses/fp2107
Lagrange,$29.95,"https://glassesshop-res.cloudinary.com/c_fill,f_auto,fl_lossy,q_auto,w_800,h_400,c_pad/products/202004/5ea6ac493fdf0.jpg",https://www.glassesshop.com/eyeglasses/fz1411
Miami,$29.95,"https://glassesshop-res.cloudinary.com/c_fill,f_auto,fl_lossy,q_auto,w_800,h_400,c_pad/products/201704/58f85d7927324.jpg",https://www.glassesshop.com/eyeglasses/fz0981
Glenview,$49.95,"https://glassesshop-res.cloudinary.com/c_fill,f_auto,fl_lossy,q_auto,w_800,h_400,c_pad/products/202002/5e4288d506c67.jpg",https://www.glassesshop.com/eyeglasses/ft0364
Evanston,$29.95,"https://glassesshop-res.cloudinary.com/c_fill,f_auto,fl_lossy,q_auto,w_800,h_400,c_pad/products/202007/5f1e8acd71af1.jpg",https://www.glassesshop.com/eyeglasses/sup0791
Walnut,$29.95,"https://glassesshop-res.cloudinary.com/c_fill,f_auto,fl_lossy,q_auto,w_800,h_400,c_pad/products/202004/5e93cdb77d4ef.jpg",https://www.glassesshop.com/eyeglasses/sup0821
Fresno,$12.95,"https://glassesshop-res.cloudinary.com/c_fill,f_auto,fl_lossy,q_auto,w_800,h_400,c_pad/products/202002/5e377f634cb1c.jpg",https://www.glassesshop.com/eyeglasses/fp2036
Smith,$29.95,"https://glassesshop-res.cloudinary.com/c_fill,f_auto,fl_lossy,q_auto,w_800,h_400,c_pad/products/202002/5e377f5bbd9ec.jpg",https://www.glassesshop.com/eyeglasses/fm1419
Bronx,$12.95,"https://glassesshop-res.cloudinary.com/c_fill,f_auto,fl_lossy,q_auto,w_800,h_400,c_pad/products/201910/5d9ff988f285a.jpg",https://www.glassesshop.com/eyeglasses/fp1977
Mobile,$39.95,"https://glassesshop-res.cloudinary.com/c_fill,f_auto,fl_lossy,q_auto,w_800,h_400,c_pad/products/202002/5e377f95ab765.jpg",https://www.glassesshop.com/eyeglasses/ft0359
Joni,$29.95,"https://glassesshop-res.cloudinary.com/c_fill,f_auto,fl_lossy,q_auto,w_800,h_400,c_pad/products/202006/5eddf0b0da7ac.jpg",https://www.glassesshop.com/eyeglasses/fp2024
Asheville,$12.95,"https://glassesshop-res.cloudinary.com/c_fill,f_auto,fl_lossy,q_auto,w_800,h_400,c_pad/products/201910/5d9ff9e0a3ca8.jpg",https://www.glassesshop.com/eyeglasses/fp1990
Labrador,$12.95,"https://glassesshop-res.cloudinary.com/c_fill,f_auto,fl_lossy,q_auto,w_800,h_400,c_pad/products/201910/5d9ff9d397b90.jpg",https://www.glassesshop.com/eyeglasses/fp1988
Bronx,$12.95,"https://glassesshop-res.cloudinary.com/c_fill,f_auto,fl_lossy,q_auto,w_800,h_400,c_pad/products/201910/5d9ff98fb140d.jpg",https://www.glassesshop.com/eyeglasses/fp1978
Wilsen,$29.95,"https://glassesshop-res.cloudinary.com/c_fill,f_auto,fl_lossy,q_auto,w_800,h_400,c_pad/products/201906/5cf8ca4ea18c0.jpg",https://www.glassesshop.com/eyeglasses/fz1315
Eleanor,$12.95,"https://glassesshop-res.cloudinary.com/c_fill,f_auto,fl_lossy,q_auto,w_800,h_400,c_pad/products/202005/5ec4810dc05c2.jpg",https://www.glassesshop.com/eyeglasses/fp1948
Burke,$24.95,"https://glassesshop-res.cloudinary.com/c_fill,f_auto,fl_lossy,q_auto,w_800,h_400,c_pad/products/201805/5b05174d38e7e.jpg",https://www.glassesshop.com/eyeglasses/fm1244
Bray,$12.95,"https://glassesshop-res.cloudinary.com/c_fill,f_auto,fl_lossy,q_auto,w_800,h_400,c_pad/products/201908/5d4d18fc8b7fc.jpg",https://www.glassesshop.com/eyeglasses/fp1923
Bobosa,$29.95,"https://glassesshop-res.cloudinary.com/c_fill,f_auto,fl_lossy,q_auto,w_800,h_400,c_pad/products/201907/5d2d2660a22b3.jpg",https://www.glassesshop.com/eyeglasses/fz1375
Vogt,$29.95,"https://glassesshop-res.cloudinary.com/c_fill,f_auto,fl_lossy,q_auto,w_800,h_400,c_pad/products/201906/5cf8ca4eb5fb5.jpg",https://www.glassesshop.com/eyeglasses/fz1320
Hume,$29.95,"https://glassesshop-res.cloudinary.com/c_fill,f_auto,fl_lossy,q_auto,w_800,h_400,c_pad/products/201901/5c340388202fb.jpg",https://www.glassesshop.com/eyeglasses/fz1299
Jinbee,$19.95,"https://glassesshop-res.cloudinary.com/c_fill,f_auto,fl_lossy,q_auto,w_800,h_400,c_pad/products/201905/5ce3ad100f3fe.jpg",https://www.glassesshop.com/eyeglasses/fp1903
Tacab,$19.95,"https://glassesshop-res.cloudinary.com/c_fill,f_auto,fl_lossy,q_auto,w_800,h_400,c_pad/products/201904/5cb69b5102348.jpg",https://www.glassesshop.com/eyeglasses/fp1831
Averies,$19.95,"https://glassesshop-res.cloudinary.com/c_fill,f_auto,fl_lossy,q_auto,w_800,h_400,c_pad/products/202011/5fa4a3c7456f2.jpg",https://www.glassesshop.com/eyeglasses/fp1828
Newark,$24.95,"https://glassesshop-res.cloudinary.com/c_fill,f_auto,fl_lossy,q_auto,w_800,h_400,c_pad/products/201903/5c99cd282b827.jpg",https://www.glassesshop.com/eyeglasses/fm1372
Hume,$29.95,"https://glassesshop-res.cloudinary.com/c_fill,f_auto,fl_lossy,q_auto,w_800,h_400,c_pad/products/201901/5c3403881d955.jpg",https://www.glassesshop.com/eyeglasses/fz1298
Haywood,$29.95,"https://glassesshop-res.cloudinary.com/c_fill,f_auto,fl_lossy,q_auto,w_800,h_400,c_pad/products/201812/5c2436744bcc2.jpg",https://www.glassesshop.com/eyeglasses/fm1353
Haywood,$29.95,"https://glassesshop-res.cloudinary.com/c_fill,f_auto,fl_lossy,q_auto,w_800,h_400,c_pad/products/201812/5c243674485c6.jpg",https://www.glassesshop.com/eyeglasses/fm1352
Robben,$39.95,"https://glassesshop-res.cloudinary.com/c_fill,f_auto,fl_lossy,q_auto,w_800,h_400,c_pad/products/201810/5bbc4f036842a.jpg",https://www.glassesshop.com/eyeglasses/ft0242
Ezekiel,$29.95,"https://glassesshop-res.cloudinary.com/c_fill,f_auto,fl_lossy,q_auto,w_800,h_400,c_pad/products/201810/5bbc50f66304b.jpg",https://www.glassesshop.com/eyeglasses/fz1278
Genevieve,$34.95,"https://glassesshop-res.cloudinary.com/c_fill,f_auto,fl_lossy,q_auto,w_800,h_400,c_pad/products/201812/5c26d172e6aa2.jpg",https://www.glassesshop.com/eyeglasses/fz1270
Winchester,$19.95,"https://glassesshop-res.cloudinary.com/c_fill,f_auto,fl_lossy,q_auto,w_800,h_400,c_pad/products/201809/5bac31dd12811.jpg",https://www.glassesshop.com/eyeglasses/fp1770
Murphy,$39.95,"https://glassesshop-res.cloudinary.com/c_fill,f_auto,fl_lossy,q_auto,w_800,h_400,c_pad/products/201807/5b5fc22e9933f.jpg",https://www.glassesshop.com/eyeglasses/fp1747
Pete,$29.95,"https://glassesshop-res.cloudinary.com/c_fill,f_auto,fl_lossy,q_auto,w_800,h_400,c_pad/products/202008/5f4775478f20c.jpg",https://www.glassesshop.com/eyeglasses/fz1209
Pete,$19.95,"https://glassesshop-res.cloudinary.com/c_fill,f_auto,fl_lossy,q_auto,w_800,h_400,c_pad/products/201807/5b4c5f6565a61.jpg",https://www.glassesshop.com/eyeglasses/fz1208
Jean,$19.95,"https://glassesshop-res.cloudinary.com/c_fill,f_auto,fl_lossy,q_auto,w_800,h_400,c_pad/products/202010/5f9624a245c0e.jpg",https://www.glassesshop.com/eyeglasses/fp1718
Jean,$24.95,"https://glassesshop-res.cloudinary.com/c_fill,f_auto,fl_lossy,q_auto,w_800,h_400,c_pad/products/201805/5b03bc6e7b94e.jpg",https://www.glassesshop.com/eyeglasses/fp1717
Lexingto,$19.95,"https://glassesshop-res.cloudinary.com/c_fill,f_auto,fl_lossy,q_auto,w_800,h_400,c_pad/products/201805/5b03be9da29e0.jpg",https://www.glassesshop.com/eyeglasses/fp1695
Lexingto,$19.95,"https://glassesshop-res.cloudinary.com/c_fill,f_auto,fl_lossy,q_auto,w_800,h_400,c_pad/products/201805/5b03be967b506.jpg",https://www.glassesshop.com/eyeglasses/fp1694
Isaiah,$19.95,"https://glassesshop-res.cloudinary.com/c_fill,f_auto,fl_lossy,q_auto,w_800,h_400,c_pad/products/202008/5f4775405e761.jpg",https://www.glassesshop.com/eyeglasses/fp1643
Cooksville,$24.95,"https://glassesshop-res.cloudinary.com/c_fill,f_auto,fl_lossy,q_auto,w_800,h_400,c_pad/products/202005/5eb91ac41a1bc.jpg",https://www.glassesshop.com/eyeglasses/fp1568
Mandy,$29.95,"https://glassesshop-res.cloudinary.com/c_fill,f_auto,fl_lossy,q_auto,w_800,h_400,c_pad/products/201710/59e01c58d5a53.jpg",https://www.glassesshop.com/eyeglasses/fz1090
Mandy,$29.95,"https://glassesshop-res.cloudinary.com/c_fill,f_auto,fl_lossy,q_auto,w_800,h_400,c_pad/products/201710/59e01c51ef38a.jpg",https://www.glassesshop.com/eyeglasses/fz1089
Mandy,$29.95,"https://glassesshop-res.cloudinary.com/c_fill,f_auto,fl_lossy,q_auto,w_800,h_400,c_pad/products/201710/59e01c443bff6.jpg",https://www.glassesshop.com/eyeglasses/fz1087
Nicole,$19.95,"https://glassesshop-res.cloudinary.com/c_fill,f_auto,fl_lossy,q_auto,w_800,h_400,c_pad/products/201710/59e01c2604ce3.jpg",https://www.glassesshop.com/eyeglasses/fz1083
Milne,$29.95,"https://glassesshop-res.cloudinary.com/c_fill,f_auto,fl_lossy,q_auto,w_800,h_400,c_pad/products/201907/5d1dad7e8b665.jpg",https://www.glassesshop.com/eyeglasses/fz1358
Murphy,$39.95,"https://glassesshop-res.cloudinary.com/c_fill,f_auto,fl_lossy,q_auto,w_800,h_400,c_pad/products/201811/5bebc0387547c.jpg",https://www.glassesshop.com/eyeglasses/fp1746
Hillsborough,$19.95,"https://glassesshop-res.cloudinary.com/c_fill,f_auto,fl_lossy,q_auto,w_800,h_400,c_pad/products/201808/5b873cb01adee.jpg",https://www.glassesshop.com/eyeglasses/fp0989
Milne,$9.95,"https://glassesshop-res.cloudinary.com/c_fill,f_auto,fl_lossy,q_auto,w_800,h_400,c_pad/products/201907/5d1dad7e883b2.jpg",https://www.glassesshop.com/eyeglasses/fz1357
Baldwin,$19.95,"https://glassesshop-res.cloudinary.com/c_fill,f_auto,fl_lossy,q_auto,w_800,h_400,c_pad/products/201805/5afe7d1daed84.jpg",https://www.glassesshop.com/eyeglasses/fp1619
Poppy,$29.95,"https://glassesshop-res.cloudinary.com/c_fill,f_auto,fl_lossy,q_auto,w_800,h_400,c_pad/products/202010/5f990bbe2ab21.jpg",https://www.glassesshop.com/eyeglasses/fz1573
Glendale,$24.95,"https://glassesshop-res.cloudinary.com/c_fill,f_auto,fl_lossy,q_auto,w_800,h_400,c_pad/products/202008/5f30d2fad8395.jpg",https://www.glassesshop.com/eyeglasses/fp2121
Thomasville,$24.95,"https://glassesshop-res.cloudinary.com/c_fill,f_auto,fl_lossy,q_auto,w_800,h_400,c_pad/products/202005/5eb91abca5cd5.jpg",https://www.glassesshop.com/eyeglasses/fp1563
Willie,$19.95,"https://glassesshop-res.cloudinary.com/c_fill,f_auto,fl_lossy,q_auto,w_800,h_400,c_pad/products/201810/5bbc510972368.jpg",https://www.glassesshop.com/eyeglasses/sm0862
Flushing,$12.95,"https://glassesshop-res.cloudinary.com/c_fill,f_auto,fl_lossy,q_auto,w_800,h_400,c_pad/products/201910/5da92ccb3d0a5.jpg",https://www.glassesshop.com/eyeglasses/fp1972
Annabelle,$24.95,"https://glassesshop-res.cloudinary.com/c_fill,f_auto,fl_lossy,q_auto,w_800,h_400,c_pad/products/202005/5eb8b58e68ce6.jpg",https://www.glassesshop.com/eyeglasses/fp2086
Darcy,$19.95,"https://glassesshop-res.cloudinary.com/c_fill,f_auto,fl_lossy,q_auto,w_800,h_400,c_pad/products/201811/5bff5bf283882.jpg",https://www.glassesshop.com/eyeglasses/sm0787
Labrador,$12.95,"https://glassesshop-res.cloudinary.com/c_fill,f_auto,fl_lossy,q_auto,w_800,h_400,c_pad/products/201910/5d9ff9da1df35.jpg",https://www.glassesshop.com/eyeglasses/fp1989
Tiffen,$19.95,"https://glassesshop-res.cloudinary.com/c_fill,f_auto,fl_lossy,q_auto,w_800,h_400,c_pad/products/201711/59fd64946717c.jpg",https://www.glassesshop.com/eyeglasses/fp1443
Joni,$29.95,"https://glassesshop-res.cloudinary.com/c_fill,f_auto,fl_lossy,q_auto,w_800,h_400,c_pad/products/201911/5dd3994cc9705.jpg",https://www.glassesshop.com/eyeglasses/fp2023
Joyce,$12.95,"https://glassesshop-res.cloudinary.com/c_fill,f_auto,fl_lossy,q_auto,w_800,h_400,c_pad/products/201712/5a2f93753d9d9.jpg",https://www.glassesshop.com/eyeglasses/fp1505
Genevieve,$34.95,"https://glassesshop-res.cloudinary.com/c_fill,f_auto,fl_lossy,q_auto,w_800,h_400,c_pad/products/201810/5bbc509cca408.jpg",https://www.glassesshop.com/eyeglasses/fz1269
Jerry,$24.95,"https://glassesshop-res.cloudinary.com/c_fill,f_auto,fl_lossy,q_auto,w_800,h_400,c_pad/products/201805/5afb961147318.jpg",https://www.glassesshop.com/eyeglasses/fp1593
Arlene,$24.95,"https://glassesshop-res.cloudinary.com/c_fill,f_auto,fl_lossy,q_auto,w_800,h_400,c_pad/products/201808/5b7e0ee2975f3.jpg",https://www.glassesshop.com/eyeglasses/fp1764
Hyannis,$29.95,"https://glassesshop-res.cloudinary.com/c_fill,f_auto,fl_lossy,q_auto,w_800,h_400,c_pad/products/201708/5983fe65ed003.jpg",https://www.glassesshop.com/eyeglasses/fp1110
Christine,$39.95,"https://glassesshop-res.cloudinary.com/c_fill,f_auto,fl_lossy,q_auto,w_800,h_400,c_pad/products/202009/5f68704cbcf03.jpg",https://www.glassesshop.com/eyeglasses/fz1520
Fresno,$12.95,"https://glassesshop-res.cloudinary.com/c_fill,f_auto,fl_lossy,q_auto,w_800,h_400,c_pad/products/202002/5e377f795f84d.jpg",https://www.glassesshop.com/eyeglasses/fp2039
Salinas,$24.95,"https://glassesshop-res.cloudinary.com/c_fill,f_auto,fl_lossy,q_auto,w_800,h_400,c_pad/products/202008/5f30d30f5d6a5.jpg",https://www.glassesshop.com/eyeglasses/fp2124
Omar,$19.95,"https://glassesshop-res.cloudinary.com/c_fill,f_auto,fl_lossy,q_auto,w_800,h_400,c_pad/products/201807/5b4c4d7b98167.jpg",https://www.glassesshop.com/eyeglasses/fm1271
Baldwin,$19.95,"https://glassesshop-res.cloudinary.com/c_fill,f_auto,fl_lossy,q_auto,w_800,h_400,c_pad/products/201805/5afe7d156f3d7.jpg",https://www.glassesshop.com/eyeglasses/fp1618
Burke,$24.95,"https://glassesshop-res.cloudinary.com/c_fill,f_auto,fl_lossy,q_auto,w_800,h_400,c_pad/products/201805/5b0fae09bbb09.jpg",https://www.glassesshop.com/eyeglasses/fm1245
Holt,$19.95,"https://glassesshop-res.cloudinary.com/c_fill,f_auto,fl_lossy,q_auto,w_800,h_400,c_pad/products/201708/59841308cc508.jpg",https://www.glassesshop.com/eyeglasses/fp1401
Benjamin,$29.95,"https://glassesshop-res.cloudinary.com/c_fill,f_auto,fl_lossy,q_auto,w_800,h_400,c_pad/products/202006/5eddb2edc1f7e.jpg",https://www.glassesshop.com/eyeglasses/fm1467
Eden,$19.95,"https://glassesshop-res.cloudinary.com/c_fill,f_auto,fl_lossy,q_auto,w_800,h_400,c_pad/products/202004/5ea6a71f36e14.jpg",https://www.glassesshop.com/eyeglasses/fp2065
Jinbee,$19.95,"https://glassesshop-res.cloudinary.com/c_fill,f_auto,fl_lossy,q_auto,w_800,h_400,c_pad/products/201905/5ce3ad1014636.jpg",https://www.glassesshop.com/eyeglasses/fp1904
Darlene,$19.95,"https://glassesshop-res.cloudinary.com/c_fill,f_auto,fl_lossy,q_auto,w_800,h_400,c_pad/products/202004/5e9808da44c7a.jpg",https://www.glassesshop.com/eyeglasses/fp1181
Leigh,$29.95,"https://glassesshop-res.cloudinary.com/c_fill,f_auto,fl_lossy,q_auto,w_800,h_400,c_pad/products/201907/5d268bd885fb9.jpg",https://www.glassesshop.com/eyeglasses/fz1368
Terre,$32.95,"https://glassesshop-res.cloudinary.com/c_fill,f_auto,fl_lossy,q_auto,w_800,h_400,c_pad/products/201703/58c7556ccda85.jpg",https://www.glassesshop.com/eyeglasses/rm0247
Joplin,$24.95,"https://glassesshop-res.cloudinary.com/c_fill,f_auto,fl_lossy,q_auto,w_800,h_400,c_pad/products/202008/5f30c1144643e.jpg",https://www.glassesshop.com/eyeglasses/fz1490
Eleanor,$12.95,"https://glassesshop-res.cloudinary.com/c_fill,f_auto,fl_lossy,q_auto,w_800,h_400,c_pad/products/202008/5f28fbbee8ec8.jpg",https://www.glassesshop.com/eyeglasses/fp1949
Lyndon,$19.95,"https://glassesshop-res.cloudinary.com/c_fill,f_auto,fl_lossy,q_auto,w_800,h_400,c_pad/products/201807/5b5fc1c88ba8a.jpg",https://www.glassesshop.com/eyeglasses/fm1285
Adam,$24.95,"https://glassesshop-res.cloudinary.com/c_fill,f_auto,fl_lossy,q_auto,w_800,h_400,c_pad/products/201801/5a65815f91df3.jpg",https://www.glassesshop.com/eyeglasses/fp1543
Bruno,$19.95,"https://glassesshop-res.cloudinary.com/c_fill,f_auto,fl_lossy,q_auto,w_800,h_400,c_pad/products/201807/5b3b102ed9395.jpg",https://www.glassesshop.com/eyeglasses/fp1508
Cooksville,$24.95,"https://glassesshop-res.cloudinary.com/c_fill,f_auto,fl_lossy,q_auto,w_800,h_400,c_pad/products/201803/5ab4959c88ad9.jpg",https://www.glassesshop.com/eyeglasses/fp1567
Salisbury,$19.95,"https://glassesshop-res.cloudinary.com/c_fill,f_auto,fl_lossy,q_auto,w_800,h_400,c_pad/products/202006/5ef06e335153e.jpg",https://www.glassesshop.com/eyeglasses/fp2105
Martin,$29.95,"https://glassesshop-res.cloudinary.com/c_fill,f_auto,fl_lossy,q_auto,w_800,h_400,c_pad/products/201803/5ab4ad4c8b0fd.jpg",https://www.glassesshop.com/eyeglasses/sm0793
Kelowna,$19.95,"https://glassesshop-res.cloudinary.com/c_fill,f_auto,fl_lossy,q_auto,w_800,h_400,c_pad/products/201710/59e4597b52b63.jpg",https://www.glassesshop.com/eyeglasses/fp1409
Iowa,$29.95,"https://glassesshop-res.cloudinary.com/c_fill,f_auto,fl_lossy,q_auto,w_800,h_400,c_pad/products/201707/595c863c38c17.jpg",https://www.glassesshop.com/eyeglasses/fz1015
Lagrange,$29.95,"https://glassesshop-res.cloudinary.com/c_fill,f_auto,fl_lossy,q_auto,w_800,h_400,c_pad/products/202004/5ea6ac418dbbe.jpg",https://www.glassesshop.com/eyeglasses/fz1410
Angel,$19.95,"https://glassesshop-res.cloudinary.com/c_fill,f_auto,fl_lossy,q_auto,w_800,h_400,c_pad/products/201805/5afe7ea43b647.jpg",https://www.glassesshop.com/eyeglasses/fp1646
Aiden,$19.95,"https://glassesshop-res.cloudinary.com/c_fill,f_auto,fl_lossy,q_auto,w_800,h_400,c_pad/products/201805/5afe7d402928f.jpg",https://www.glassesshop.com/eyeglasses/fp1631
Amelia,$34.95,"https://glassesshop-res.cloudinary.com/c_fill,f_auto,fl_lossy,q_auto,w_800,h_400,c_pad/products/202011/5fb23e9eb06f6.jpg",https://www.glassesshop.com/eyeglasses/fm1553
Osmond,$19.95,"https://glassesshop-res.cloudinary.com/c_fill,f_auto,fl_lossy,q_auto,w_800,h_400,c_pad/products/201807/5b4c4e070880d.jpg",https://www.glassesshop.com/eyeglasses/fp1736
Acacia,$19.95,"https://glassesshop-res.cloudinary.com/c_fill,f_auto,fl_lossy,q_auto,w_800,h_400,c_pad/products/201910/5daeb701ef20c.jpg",https://www.glassesshop.com/eyeglasses/fp1945
Riverside,$19.95,"https://glassesshop-res.cloudinary.com/c_fill,f_auto,fl_lossy,q_auto,w_800,h_400,c_pad/products/201906/5d0318962569f.jpg",https://www.glassesshop.com/eyeglasses/fm1384
Astrid,$19.95,"https://glassesshop-res.cloudinary.com/c_fill,f_auto,fl_lossy,q_auto,w_800,h_400,c_pad/products/202005/5ec744a8c80b0.jpg",https://www.glassesshop.com/eyeglasses/fp1500
Kelowna,$19.95,"https://glassesshop-res.cloudinary.com/c_fill,f_auto,fl_lossy,q_auto,w_800,h_400,c_pad/products/201710/59e4598958f4c.jpg",https://www.glassesshop.com/eyeglasses/fp1411
Fresno,$12.95,"https://glassesshop-res.cloudinary.com/c_fill,f_auto,fl_lossy,q_auto,w_800,h_400,c_pad/products/202002/5e377f6ae302a.jpg",https://www.glassesshop.com/eyeglasses/fp2037
Celia,$19.95,"https://glassesshop-res.cloudinary.com/c_fill,f_auto,fl_lossy,q_auto,w_800,h_400,c_pad/products/201906/5d03189634ede.jpg",https://www.glassesshop.com/eyeglasses/fm1388
Belle,$19.95,"https://glassesshop-res.cloudinary.com/c_fill,f_auto,fl_lossy,q_auto,w_800,h_400,c_pad/products/201808/5b7e0ee2a1137.jpg",https://www.glassesshop.com/eyeglasses/fp1768
Otis,$6.95,"https://glassesshop-res.cloudinary.com/c_fill,f_auto,fl_lossy,q_auto,w_800,h_400,c_pad/products/201807/5b4c4e365c7ab.jpg",https://www.glassesshop.com/eyeglasses/fp1742
Bruno,$19.95,"https://glassesshop-res.cloudinary.com/c_fill,f_auto,fl_lossy,q_auto,w_800,h_400,c_pad/products/201811/5bff5bf26798e.jpg",https://www.glassesshop.com/eyeglasses/fp1506
Trenton,$19.95,"https://glassesshop-res.cloudinary.com/c_fill,f_auto,fl_lossy,q_auto,w_800,h_400,c_pad/products/201611/58252d0bc746b.jpg",https://www.glassesshop.com/eyeglasses/fp1232
Mobile,$39.95,"https://glassesshop-res.cloudinary.com/c_fill,f_auto,fl_lossy,q_auto,w_800,h_400,c_pad/products/202002/5e377f9ccb097.jpg",https://www.glassesshop.com/eyeglasses/ft0360
Horatio,$19.95,"https://glassesshop-res.cloudinary.com/c_fill,f_auto,fl_lossy,q_auto,w_800,h_400,c_pad/products/201812/5c24368513a4f.jpg",https://www.glassesshop.com/eyeglasses/sm0876
Isaiah,$19.95,"https://glassesshop-res.cloudinary.com/c_fill,f_auto,fl_lossy,q_auto,w_800,h_400,c_pad/products/201805/5afe7e919eb7f.jpg",https://www.glassesshop.com/eyeglasses/fp1644
Buckeye,$29.95,"https://glassesshop-res.cloudinary.com/c_fill,f_auto,fl_lossy,q_auto,w_800,h_400,c_pad/products/201811/5bff5bf27139c.jpg",https://www.glassesshop.com/eyeglasses/fz1094
Sarasota,$29.95,"https://glassesshop-res.cloudinary.com/c_fill,f_auto,fl_lossy,q_auto,w_800,h_400,c_pad/products/202004/5e93cd08e1a75.jpg",https://www.glassesshop.com/eyeglasses/sup0798
Abina,$19.95,"https://glassesshop-res.cloudinary.com/c_fill,f_auto,fl_lossy,q_auto,w_800,h_400,c_pad/products/201910/5db00f040fdf1.jpg",https://www.glassesshop.com/eyeglasses/fp1938
Butler,$19.95,"https://glassesshop-res.cloudinary.com/c_fill,f_auto,fl_lossy,q_auto,w_800,h_400,c_pad/products/201904/5cb69b51374f0.jpg",https://www.glassesshop.com/eyeglasses/fp1843
Thomasville,$24.95,"https://glassesshop-res.cloudinary.com/c_fill,f_auto,fl_lossy,q_auto,w_800,h_400,c_pad/products/201803/5ab494f934f90.jpg",https://www.glassesshop.com/eyeglasses/fp1564
Irvine,$24.95,"https://glassesshop-res.cloudinary.com/c_fill,f_auto,fl_lossy,q_auto,w_800,h_400,c_pad/products/202005/5eb8b52f69594.jpg",https://www.glassesshop.com/eyeglasses/fp2072
Bray,$12.95,"https://glassesshop-res.cloudinary.com/c_fill,f_auto,fl_lossy,q_auto,w_800,h_400,c_pad/products/201908/5d4d18f87ede5.jpg",https://www.glassesshop.com/eyeglasses/fp1922
Brunswick,$29.95,"https://glassesshop-res.cloudinary.com/c_fill,f_auto,fl_lossy,q_auto,w_800,h_400,c_pad/products/201805/5af13c7ed9208.jpg",https://www.glassesshop.com/eyeglasses/fm1017
Yonkers,$12.95,"https://glassesshop-res.cloudinary.com/c_fill,f_auto,fl_lossy,q_auto,w_800,h_400,c_pad/products/201910/5d9ff9b83e263.jpg",https://www.glassesshop.com/eyeglasses/fp1984
Flushing,$12.95,"https://glassesshop-res.cloudinary.com/c_fill,f_auto,fl_lossy,q_auto,w_800,h_400,c_pad/products/202006/5ee87209d7257.jpg",https://www.glassesshop.com/eyeglasses/fp1973
Lyndon,$19.95,"https://glassesshop-res.cloudinary.com/c_fill,f_auto,fl_lossy,q_auto,w_800,h_400,c_pad/products/201807/5b5fc1c0cc782.jpg",https://www.glassesshop.com/eyeglasses/fm1284
Rainbow,$12.95,"https://glassesshop-res.cloudinary.com/c_fill,f_auto,fl_lossy,q_auto,w_800,h_400,c_pad/products/201806/5b10dfd765cde.jpg",https://www.glassesshop.com/eyeglasses/fp1658
Enoch,$29.95,"https://glassesshop-res.cloudinary.com/c_fill,f_auto,fl_lossy,q_auto,w_800,h_400,c_pad/products/201805/5b0fae2e711fc.jpg",https://www.glassesshop.com/eyeglasses/fz1159
Nicole,$29.95,"https://glassesshop-res.cloudinary.com/c_fill,f_auto,fl_lossy,q_auto,w_800,h_400,c_pad/products/201710/59e01c3b75cd1.jpg",https://www.glassesshop.com/eyeglasses/fz1086
Hartford,$24.95,"https://glassesshop-res.cloudinary.com/c_fill,f_auto,fl_lossy,q_auto,w_800,h_400,c_pad/products/202005/5eb8b558a5c49.jpg",https://www.glassesshop.com/eyeglasses/fp2078
Osborn,$24.95,"https://glassesshop-res.cloudinary.com/c_fill,f_auto,fl_lossy,q_auto,w_800,h_400,c_pad/products/201807/5b4c4d9fd39d3.jpg",https://www.glassesshop.com/eyeglasses/fm1276
Gabriel,$19.95,"https://glassesshop-res.cloudinary.com/c_fill,f_auto,fl_lossy,q_auto,w_800,h_400,c_pad/products/202009/5f5edd7b9f26a.jpg",https://www.glassesshop.com/eyeglasses/rm0296
Prima,$44.95,"https://glassesshop-res.cloudinary.com/c_fill,f_auto,fl_lossy,q_auto,w_800,h_400,c_pad/products/202006/5ef06e784609c.jpg",https://www.glassesshop.com/eyeglasses/fz1464
Endicott,$29.95,"https://glassesshop-res.cloudinary.com/c_fill,f_auto,fl_lossy,q_auto,w_800,h_400,c_pad/products/201910/5d9ffa72dbb0e.jpg",https://www.glassesshop.com/eyeglasses/fz1392
Averies,$19.95,"https://glassesshop-res.cloudinary.com/c_fill,f_auto,fl_lossy,q_auto,w_800,h_400,c_pad/products/201904/5cb69b4231106.jpg",https://www.glassesshop.com/eyeglasses/fp1830
Buckeye,$29.95,"https://glassesshop-res.cloudinary.com/c_fill,f_auto,fl_lossy,q_auto,w_800,h_400,c_pad/products/201710/59e01c66e7109.jpg",https://www.glassesshop.com/eyeglasses/fz1092
Salinas,$24.95,"https://glassesshop-res.cloudinary.com/c_fill,f_auto,fl_lossy,q_auto,w_800,h_400,c_pad/products/202008/5f30d301ad96c.jpg",https://www.glassesshop.com/eyeglasses/fp2122
Joplin,$24.95,"https://glassesshop-res.cloudinary.com/c_fill,f_auto,fl_lossy,q_auto,w_800,h_400,c_pad/products/202008/5f30c121b9e45.jpg",https://www.glassesshop.com/eyeglasses/fz1492
Annabelle,$24.95,"https://glassesshop-res.cloudinary.com/c_fill,f_auto,fl_lossy,q_auto,w_800,h_400,c_pad/products/202005/5eb8b587b14b5.jpg",https://www.glassesshop.com/eyeglasses/fp2085
Rochester,$29.95,"https://glassesshop-res.cloudinary.com/c_fill,f_auto,fl_lossy,q_auto,w_800,h_400,c_pad/products/201906/5cff0f5a55c40.jpg",https://www.glassesshop.com/eyeglasses/fm1382
Whittier,$29.95,"https://glassesshop-res.cloudinary.com/c_fill,f_auto,fl_lossy,q_auto,w_800,h_400,c_pad/products/201906/5cf8ca4e8f77c.jpg",https://www.glassesshop.com/eyeglasses/fz1311
Watertown,$19.95,"https://glassesshop-res.cloudinary.com/c_fill,f_auto,fl_lossy,q_auto,w_800,h_400,c_pad/products/201903/5c99cd4246eda.jpg",https://www.glassesshop.com/eyeglasses/fp1805
Uriah,$9.95,"https://glassesshop-res.cloudinary.com/c_fill,f_auto,fl_lossy,q_auto,w_800,h_400,c_pad/products/201810/5bbc4f033d516.jpg",https://www.glassesshop.com/eyeglasses/fm1308
Dinas,$12.95,"https://glassesshop-res.cloudinary.com/c_fill,f_auto,fl_lossy,q_auto,w_800,h_400,c_pad/products/201909/5d8d7514a11ba.jpg",https://www.glassesshop.com/eyeglasses/fp1947
Arlene,$24.95,"https://glassesshop-res.cloudinary.com/c_fill,f_auto,fl_lossy,q_auto,w_800,h_400,c_pad/products/201808/5b7e0ee291eff.jpg",https://www.glassesshop.com/eyeglasses/fp1762
Plato,$5.95,"https://glassesshop-res.cloudinary.com/c_fill,f_auto,fl_lossy,q_auto,w_800,h_400,c_pad/products/201804/5acd64c835129.jpg",https://www.glassesshop.com/eyeglasses/fm1184
Norfolk,$34.95,"https://glassesshop-res.cloudinary.com/c_fill,f_auto,fl_lossy,q_auto,w_800,h_400,c_pad/products/202005/5eb913c3e644d.jpg",https://www.glassesshop.com/eyeglasses/fm1464
Butler,$19.95,"https://glassesshop-res.cloudinary.com/c_fill,f_auto,fl_lossy,q_auto,w_800,h_400,c_pad/products/201904/5cb69b513279a.jpg",https://www.glassesshop.com/eyeglasses/fp1842
Valentina,$19.95,"https://glassesshop-res.cloudinary.com/c_fill,f_auto,fl_lossy,q_auto,w_800,h_400,c_pad/products/201911/5dc4c12b79731.jpg",https://www.glassesshop.com/eyeglasses/fp1453
Annabelle,$24.95,"https://glassesshop-res.cloudinary.com/c_fill,f_auto,fl_lossy,q_auto,w_800,h_400,c_pad/products/202005/5eb8b580659c5.jpg",https://www.glassesshop.com/eyeglasses/fp2084
Jinbee,$19.95,"https://glassesshop-res.cloudinary.com/c_fill,f_auto,fl_lossy,q_auto,w_800,h_400,c_pad/products/201905/5ce3acf5d8bc6.jpg",https://www.glassesshop.com/eyeglasses/fp1902
Carrie,$24.95,"https://glassesshop-res.cloudinary.com/c_fill,f_auto,fl_lossy,q_auto,w_800,h_400,c_pad/products/201805/5b0517771196a.jpg",https://www.glassesshop.com/eyeglasses/fm1252
Thomasville,$24.95,"https://glassesshop-res.cloudinary.com/c_fill,f_auto,fl_lossy,q_auto,w_800,h_400,c_pad/products/201803/5ab49500a3081.jpg",https://www.glassesshop.com/eyeglasses/fp1565
Ingemar,$19.95,"https://glassesshop-res.cloudinary.com/c_fill,f_auto,fl_lossy,q_auto,w_800,h_400,c_pad/products/202009/5f5edd8188533.jpg",https://www.glassesshop.com/eyeglasses/rm0298
Celeste,$34.95,"https://glassesshop-res.cloudinary.com/c_fill,f_auto,fl_lossy,q_auto,w_800,h_400,c_pad/products/202008/5f30d2a299820.jpg",https://www.glassesshop.com/eyeglasses/fm1471
Irvine,$24.95,"https://glassesshop-res.cloudinary.com/c_fill,f_auto,fl_lossy,q_auto,w_800,h_400,c_pad/products/202005/5eb8b543cf393.jpg",https://www.glassesshop.com/eyeglasses/fp2075
LaSalle,$19.95,"https://glassesshop-res.cloudinary.com/c_fill,f_auto,fl_lossy,q_auto,w_800,h_400,c_pad/products/202004/5ea6a6a3044b0.jpg",https://www.glassesshop.com/eyeglasses/fp2051
Alturas,$29.95,"https://glassesshop-res.cloudinary.com/c_fill,f_auto,fl_lossy,q_auto,w_800,h_400,c_pad/products/202002/5e377f4d9cb97.jpg",https://www.glassesshop.com/eyeglasses/fm1417
Plains,$24.95,"https://glassesshop-res.cloudinary.com/c_fill,f_auto,fl_lossy,q_auto,w_800,h_400,c_pad/products/201911/5dbfecc57f5b9.jpg",https://www.glassesshop.com/eyeglasses/fp2026
Yonkers,$12.95,"https://glassesshop-res.cloudinary.com/c_fill,f_auto,fl_lossy,q_auto,w_800,h_400,c_pad/products/202006/5ee738a2b6efb.jpg",https://www.glassesshop.com/eyeglasses/fp1985
Watertown,$19.95,"https://glassesshop-res.cloudinary.com/c_fill,f_auto,fl_lossy,q_auto,w_800,h_400,c_pad/products/201903/5c99cd4249635.jpg",https://www.glassesshop.com/eyeglasses/fp1806
Zoe,$19.95,"https://glassesshop-res.cloudinary.com/c_fill,f_auto,fl_lossy,q_auto,w_800,h_400,c_pad/products/201909/5d8d74c323898.jpg",https://www.glassesshop.com/eyeglasses/fp1456
Waycross,$24.95,"https://glassesshop-res.cloudinary.com/c_fill,f_auto,fl_lossy,q_auto,w_800,h_400,c_pad/products/202005/5eb8b59553474.jpg",https://www.glassesshop.com/eyeglasses/fp2087
Alturas,$29.95,"https://glassesshop-res.cloudinary.com/c_fill,f_auto,fl_lossy,q_auto,w_800,h_400,c_pad/products/202002/5e377f54bf756.jpg",https://www.glassesshop.com/eyeglasses/fm1418
Joni,$29.95,"https://glassesshop-res.cloudinary.com/c_fill,f_auto,fl_lossy,q_auto,w_800,h_400,c_pad/products/201911/5dd3995ac6aa2.jpg",https://www.glassesshop.com/eyeglasses/fp2025
Bloor,$12.95,"https://glassesshop-res.cloudinary.com/c_fill,f_auto,fl_lossy,q_auto,w_800,h_400,c_pad/products/201908/5d4d18eee5210.jpg",https://www.glassesshop.com/eyeglasses/fp1920
Rochester,$29.95,"https://glassesshop-res.cloudinary.com/c_fill,f_auto,fl_lossy,q_auto,w_800,h_400,c_pad/products/201906/5cff0f5a59b35.jpg",https://www.glassesshop.com/eyeglasses/fm1383
Tacab,$19.95,"https://glassesshop-res.cloudinary.com/c_fill,f_auto,fl_lossy,q_auto,w_800,h_400,c_pad/products/201904/5cb69b510ef0c.jpg",https://www.glassesshop.com/eyeglasses/fp1834
Beulah,$29.95,"https://glassesshop-res.cloudinary.com/c_fill,f_auto,fl_lossy,q_auto,w_800,h_400,c_pad/products/201910/5daeb8c27e48e.jpg",https://www.glassesshop.com/eyeglasses/fz1248
Payne,$29.95,"https://glassesshop-res.cloudinary.com/c_fill,f_auto,fl_lossy,q_auto,w_800,h_400,c_pad/products/201808/5b72831004578.jpg",https://www.glassesshop.com/eyeglasses/fm1297
Heather,$29.95,"https://glassesshop-res.cloudinary.com/c_fill,f_auto,fl_lossy,q_auto,w_800,h_400,c_pad/products/202004/5e9d1d010a57b.jpg",https://www.glassesshop.com/eyeglasses/fp1704
Mason,$29.95,"https://glassesshop-res.cloudinary.com/c_fill,f_auto,fl_lossy,q_auto,w_800,h_400,c_pad/products/201805/5afe7e64195f1.jpg",https://www.glassesshop.com/eyeglasses/fp1639
Arlington,$34.95,"https://glassesshop-res.cloudinary.com/c_fill,f_auto,fl_lossy,q_auto,w_800,h_400,c_pad/products/202011/5f9fb030b8569.jpg",https://www.glassesshop.com/eyeglasses/fz1545
Jessica,$24.95,"https://glassesshop-res.cloudinary.com/c_fill,f_auto,fl_lossy,q_auto,w_800,h_400,c_pad/products/202007/5f2119aa34633.jpg",https://www.glassesshop.com/eyeglasses/fp2091
Guelph,$12.95,"https://glassesshop-res.cloudinary.com/c_fill,f_auto,fl_lossy,q_auto,w_800,h_400,c_pad/products/201910/5da04f95e4904.jpg",https://www.glassesshop.com/eyeglasses/fp2003
Beulah,$29.95,"https://glassesshop-res.cloudinary.com/c_fill,f_auto,fl_lossy,q_auto,w_800,h_400,c_pad/products/201910/5daeb8bb49037.jpg",https://www.glassesshop.com/eyeglasses/fz1247
Eden,$19.95,"https://glassesshop-res.cloudinary.com/c_fill,f_auto,fl_lossy,q_auto,w_800,h_400,c_pad/products/202004/5ea6a72682be1.jpg",https://www.glassesshop.com/eyeglasses/fp2066
Bloor,$12.95,"https://glassesshop-res.cloudinary.com/c_fill,f_auto,fl_lossy,q_auto,w_800,h_400,c_pad/products/201908/5d4d18ea9e41c.jpg",https://www.glassesshop.com/eyeglasses/fp1919
Derrick,$24.95,"https://glassesshop-res.cloudinary.com/c_fill,f_auto,fl_lossy,q_auto,w_800,h_400,c_pad/products/201805/5af160006a5c9.jpg",https://www.glassesshop.com/eyeglasses/fp1657
Lopez,$12.95,"https://glassesshop-res.cloudinary.com/c_fill,f_auto,fl_lossy,q_auto,w_800,h_400,c_pad/products/201804/5acd65a965f8e.jpg",https://www.glassesshop.com/eyeglasses/fm1192
Cooksville,$24.95,"https://glassesshop-res.cloudinary.com/c_fill,f_auto,fl_lossy,q_auto,w_800,h_400,c_pad/products/201803/5ab495953edf7.jpg",https://www.glassesshop.com/eyeglasses/fp1566
Land,$19.95,"https://glassesshop-res.cloudinary.com/c_fill,f_auto,fl_lossy,q_auto,w_800,h_400,c_pad/products/201701/587f15a43dd95.jpg",https://www.glassesshop.com/eyeglasses/fp1276
BowlingGreen,$29.95,"https://glassesshop-res.cloudinary.com/c_fill,f_auto,fl_lossy,q_auto,w_800,h_400,c_pad/products/201709/59c9aad199397.jpg",https://www.glassesshop.com/eyeglasses/fp0917
Eleanore,$24.95,"https://glassesshop-res.cloudinary.com/c_fill,f_auto,fl_lossy,q_auto,w_800,h_400,c_pad/products/202008/5f30d2e73d859.jpg",https://www.glassesshop.com/eyeglasses/fp2118
Hyannis,$9.95,"https://glassesshop-res.cloudinary.com/c_fill,f_auto,fl_lossy,q_auto,w_800,h_400,c_pad/products/201708/5983fe6c817c5.jpg",https://www.glassesshop.com/eyeglasses/fp1111
Hattiesburg,$24.95,"https://glassesshop-res.cloudinary.com/c_fill,f_auto,fl_lossy,q_auto,w_800,h_400,c_pad/products/202008/5f30d3312b46c.jpg",https://www.glassesshop.com/eyeglasses/fp2113
Marina,$29.95,"https://glassesshop-res.cloudinary.com/c_fill,f_auto,fl_lossy,q_auto,w_800,h_400,c_pad/products/202002/5e4368da0acf0.jpg",https://www.glassesshop.com/eyeglasses/fm1445
Averies,$19.95,"https://glassesshop-res.cloudinary.com/c_fill,f_auto,fl_lossy,q_auto,w_800,h_400,c_pad/products/201904/5cb69b422b034.jpg",https://www.glassesshop.com/eyeglasses/fp1829
Hubbard,$19.95,"https://glassesshop-res.cloudinary.com/c_fill,f_auto,fl_lossy,q_auto,w_800,h_400,c_pad/products/201812/5c244586d7042.jpg",https://www.glassesshop.com/eyeglasses/fp1781
Plato,$5.95,"https://glassesshop-res.cloudinary.com/c_fill,f_auto,fl_lossy,q_auto,w_800,h_400,c_pad/products/201804/5acd64955af9c.jpg",https://www.glassesshop.com/eyeglasses/fm1178
Evansville,$9.95,"https://glassesshop-res.cloudinary.com/c_fill,f_auto,fl_lossy,q_auto,w_800,h_400,c_pad/products/201903/5c8721b66cc5a.jpg",https://www.glassesshop.com/eyeglasses/fp1362
Rosemary,$29.95,"https://glassesshop-res.cloudinary.com/c_fill,f_auto,fl_lossy,q_auto,w_800,h_400,c_pad/products/202001/5e0eb46e23bdc.jpg",https://www.glassesshop.com/eyeglasses/sup0757
Angel,$19.95,"https://glassesshop-res.cloudinary.com/c_fill,f_auto,fl_lossy,q_auto,w_800,h_400,c_pad/products/201805/5afe7eacbb789.jpg",https://www.glassesshop.com/eyeglasses/fp1647
Isaiah,$19.95,"https://glassesshop-res.cloudinary.com/c_fill,f_auto,fl_lossy,q_auto,w_800,h_400,c_pad/products/201910/5db26823a6070.jpg",https://www.glassesshop.com/eyeglasses/fp1642
Salisbury,$19.95,"https://glassesshop-res.cloudinary.com/c_fill,f_auto,fl_lossy,q_auto,w_800,h_400,c_pad/products/202006/5ef06e2c51365.jpg",https://www.glassesshop.com/eyeglasses/fp2104
Binghamton,$19.95,"https://glassesshop-res.cloudinary.com/c_fill,f_auto,fl_lossy,q_auto,w_800,h_400,c_pad/products/201910/5db296d2d588a.jpg",https://www.glassesshop.com/eyeglasses/fp1811
Hawthorn,$29.95,"https://glassesshop-res.cloudinary.com/c_fill,f_auto,fl_lossy,q_auto,w_800,h_400,c_pad/products/201812/5c2436744043a.jpg",https://www.glassesshop.com/eyeglasses/fm1349
Nicole,$19.95,"https://glassesshop-res.cloudinary.com/c_fill,f_auto,fl_lossy,q_auto,w_800,h_400,c_pad/products/201710/59e01c2d210b5.jpg",https://www.glassesshop.com/eyeglasses/fz1084
Evansville,$19.95,"https://glassesshop-res.cloudinary.com/c_fill,f_auto,fl_lossy,q_auto,w_800,h_400,c_pad/products/201707/595c86272f021.jpg",https://www.glassesshop.com/eyeglasses/fp1363
Hatteras,$29.95,"https://glassesshop-res.cloudinary.com/c_fill,f_auto,fl_lossy,q_auto,w_800,h_400,c_pad/products/202009/5f5edcce09795.jpg",https://www.glassesshop.com/eyeglasses/fp2132
Audrey,$19.95,"https://glassesshop-res.cloudinary.com/c_fill,f_auto,fl_lossy,q_auto,w_800,h_400,c_pad/products/202006/5ef06e1da22a9.jpg",https://www.glassesshop.com/eyeglasses/fp2102
Americus,$24.95,"https://glassesshop-res.cloudinary.com/c_fill,f_auto,fl_lossy,q_auto,w_800,h_400,c_pad/products/202005/5eb8b56570204.jpg",https://www.glassesshop.com/eyeglasses/fp2080
Persol,$19.95,"https://glassesshop-res.cloudinary.com/c_fill,f_auto,fl_lossy,q_auto,w_800,h_400,c_pad/products/201904/5cc16d554bf7c.jpg",https://www.glassesshop.com/eyeglasses/fp1859
Beulah,$29.95,"https://glassesshop-res.cloudinary.com/c_fill,f_auto,fl_lossy,q_auto,w_800,h_400,c_pad/products/201910/5daeb8aaa34ed.jpg",https://www.glassesshop.com/eyeglasses/fz1245
Silber,$9.95,"https://glassesshop-res.cloudinary.com/c_fill,f_auto,fl_lossy,q_auto,w_800,h_400,c_pad/products/201804/5acd64b80c1f1.jpg",https://www.glassesshop.com/eyeglasses/fm1182
Dominic,$12.95,"https://glassesshop-res.cloudinary.com/c_fill,f_auto,fl_lossy,q_auto,w_800,h_400,c_pad/products/202011/5f9faec3362e6.jpg",https://www.glassesshop.com/eyeglasses/fp2151
Laguna,$24.95,"https://glassesshop-res.cloudinary.com/c_fill,f_auto,fl_lossy,q_auto,w_800,h_400,c_pad/products/202008/5f30d31c85097.jpg",https://www.glassesshop.com/eyeglasses/fp2126
Elaine,$39.95,"https://glassesshop-res.cloudinary.com/c_fill,f_auto,fl_lossy,q_auto,w_800,h_400,c_pad/products/202002/5e377fe534902.jpg",https://www.glassesshop.com/eyeglasses/sm0889
Plains,$24.95,"https://glassesshop-res.cloudinary.com/c_fill,f_auto,fl_lossy,q_auto,w_800,h_400,c_pad/products/202004/5e9fa6191609c.jpg",https://www.glassesshop.com/eyeglasses/fp2027
Oswald,$19.95,"https://glassesshop-res.cloudinary.com/c_fill,f_auto,fl_lossy,q_auto,w_800,h_400,c_pad/products/201807/5b4c4e2ea05f7.jpg",https://www.glassesshop.com/eyeglasses/fp1741
Osmond,$19.95,"https://glassesshop-res.cloudinary.com/c_fill,f_auto,fl_lossy,q_auto,w_800,h_400,c_pad/products/201807/5b4c4dfeeeb45.jpg",https://www.glassesshop.com/eyeglasses/fp1735
Drew,$29.95,"https://glassesshop-res.cloudinary.com/c_fill,f_auto,fl_lossy,q_auto,w_800,h_400,c_pad/products/201805/5af160e55bf3b.jpg",https://www.glassesshop.com/eyeglasses/fm1229
Stephen,$12.95,"https://glassesshop-res.cloudinary.com/c_fill,f_auto,fl_lossy,q_auto,w_800,h_400,c_pad/products/202009/5f5f30ccc7b43.jpg",https://www.glassesshop.com/eyeglasses/sm0898
Mankato,$29.95,"https://glassesshop-res.cloudinary.com/c_fill,f_auto,fl_lossy,q_auto,w_800,h_400,c_pad/products/202006/5ef06ec3ebfde.jpg",https://www.glassesshop.com/eyeglasses/fz1475
Winston,$24.95,"https://glassesshop-res.cloudinary.com/c_fill,f_auto,fl_lossy,q_auto,w_800,h_400,c_pad/products/202010/5f9237b7bed41.jpg",https://www.glassesshop.com/eyeglasses/fm1500
Rainbow,$12.95,"https://glassesshop-res.cloudinary.com/c_fill,f_auto,fl_lossy,q_auto,w_800,h_400,c_pad/products/201910/5db16a61b4be2.jpg",https://www.glassesshop.com/eyeglasses/fp2015
Igemar,$29.95,"https://glassesshop-res.cloudinary.com/c_fill,f_auto,fl_lossy,q_auto,w_800,h_400,c_pad/products/201806/5b1a361aca3b8.jpg",https://www.glassesshop.com/eyeglasses/fm1258
Bevis,$29.95,"https://glassesshop-res.cloudinary.com/c_fill,f_auto,fl_lossy,q_auto,w_800,h_400,c_pad/products/202009/5f5f30625eb2b.jpg",https://www.glassesshop.com/eyeglasses/fm1495
Aiden,$19.95,"https://glassesshop-res.cloudinary.com/c_fill,f_auto,fl_lossy,q_auto,w_800,h_400,c_pad/products/201805/5afe7d25ef34e.jpg",https://www.glassesshop.com/eyeglasses/fp1628
Carmelita,$54.95,"https://glassesshop-res.cloudinary.com/c_fill,f_auto,fl_lossy,q_auto,w_800,h_400,c_pad/products/201906/5d03189692b6e.jpg",https://www.glassesshop.com/eyeglasses/ft0319
Astrid,$9.95,"https://glassesshop-res.cloudinary.com/c_fill,f_auto,fl_lossy,q_auto,w_800,h_400,c_pad/products/201911/5dc4c1328544a.jpg",https://www.glassesshop.com/eyeglasses/fp1502
LaSalle,$19.95,"https://glassesshop-res.cloudinary.com/c_fill,f_auto,fl_lossy,q_auto,w_800,h_400,c_pad/products/202004/5ea6a6aa1fb34.jpg",https://www.glassesshop.com/eyeglasses/fp2052
Abra,$19.95,"https://glassesshop-res.cloudinary.com/c_fill,f_auto,fl_lossy,q_auto,w_800,h_400,c_pad/products/201910/5db00f2136e16.jpg",https://www.glassesshop.com/eyeglasses/fp1942
Sherwood,$29.95,"https://glassesshop-res.cloudinary.com/c_fill,f_auto,fl_lossy,q_auto,w_800,h_400,c_pad/products/201905/5cdcb3e76ce02.jpg",https://www.glassesshop.com/eyeglasses/sm0885
Avon,$34.95,"https://glassesshop-res.cloudinary.com/c_fill,f_auto,fl_lossy,q_auto,w_800,h_400,c_pad/products/202008/5f475d9a595a9.jpg",https://www.glassesshop.com/eyeglasses/fm1476
Dinas,$12.95,"https://glassesshop-res.cloudinary.com/c_fill,f_auto,fl_lossy,q_auto,w_800,h_400,c_pad/products/201911/5dc4c139ac5ce.jpg",https://www.glassesshop.com/eyeglasses/fp1946
Bellaire,$24.95,"https://glassesshop-res.cloudinary.com/c_fill,f_auto,fl_lossy,q_auto,w_800,h_400,c_pad/products/202011/5f9faf659d15f.jpg",https://www.glassesshop.com/eyeglasses/fp2175
Matthew,$44.95,"https://glassesshop-res.cloudinary.com/c_fill,f_auto,fl_lossy,q_auto,w_800,h_400,c_pad/products/201707/5965e6954a9f3.jpg",https://www.glassesshop.com/eyeglasses/sm0751
Bloor,$12.95,"https://glassesshop-res.cloudinary.com/c_fill,f_auto,fl_lossy,q_auto,w_800,h_400,c_pad/products/201908/5d4d18e5deb94.jpg",https://www.glassesshop.com/eyeglasses/fp1918
Dominic,$12.95,"https://glassesshop-res.cloudinary.com/c_fill,f_auto,fl_lossy,q_auto,w_800,h_400,c_pad/products/202011/5f9faeb45812b.jpg",https://www.glassesshop.com/eyeglasses/fp2149
Norfolk,$34.95,"https://glassesshop-res.cloudinary.com/c_fill,f_auto,fl_lossy,q_auto,w_800,h_400,c_pad/products/202005/5eb913b653862.jpg",https://www.glassesshop.com/eyeglasses/fm1462
Novia,$19.95,"https://glassesshop-res.cloudinary.com/c_fill,f_auto,fl_lossy,q_auto,w_800,h_400,c_pad/products/201805/5b03bbbbf1499.jpg",https://www.glassesshop.com/eyeglasses/fp1699
Laura,$9.95,"https://glassesshop-res.cloudinary.com/c_fill,f_auto,fl_lossy,q_auto,w_800,h_400,c_pad/products/201710/59e01c91dd8f1.jpg",https://www.glassesshop.com/eyeglasses/fz1098
Bevis,$29.95,"https://glassesshop-res.cloudinary.com/c_fill,f_auto,fl_lossy,q_auto,w_800,h_400,c_pad/products/202009/5f5f305bd93d4.jpg",https://www.glassesshop.com/eyeglasses/fm1494
Ogden,$24.95,"https://glassesshop-res.cloudinary.com/c_fill,f_auto,fl_lossy,q_auto,w_800,h_400,c_pad/products/202011/5f9faf1aa2b44.jpg",https://www.glassesshop.com/eyeglasses/fp2165
Allen,$29.95,"https://glassesshop-res.cloudinary.com/c_fill,f_auto,fl_lossy,q_auto,w_800,h_400,c_pad/products/202009/5f5f30da5833b.jpg",https://www.glassesshop.com/eyeglasses/sm0900
Amelia,$34.95,"https://glassesshop-res.cloudinary.com/c_fill,f_auto,fl_lossy,q_auto,w_800,h_400,c_pad/products/202011/5fa35a38a05d9.jpg",https://www.glassesshop.com/eyeglasses/fm1468
Ezekiel,$29.95,"https://glassesshop-res.cloudinary.com/c_fill,f_auto,fl_lossy,q_auto,w_800,h_400,c_pad/products/201810/5bbc50f665fff.jpg",https://www.glassesshop.com/eyeglasses/fz1279
Arlene,$24.95,"https://glassesshop-res.cloudinary.com/c_fill,f_auto,fl_lossy,q_auto,w_800,h_400,c_pad/products/201904/5ca2bda91b3a0.jpg",https://www.glassesshop.com/eyeglasses/fp1763
Fresno,$12.95,"https://glassesshop-res.cloudinary.com/c_fill,f_auto,fl_lossy,q_auto,w_800,h_400,c_pad/products/202002/5e377f71e127e.jpg",https://www.glassesshop.com/eyeglasses/fp2038
Ezekiel,$29.95,"https://glassesshop-res.cloudinary.com/c_fill,f_auto,fl_lossy,q_auto,w_800,h_400,c_pad/products/201810/5bbc50f6605c9.jpg",https://www.glassesshop.com/eyeglasses/fz1277
Celeste,$34.95,"https://glassesshop-res.cloudinary.com/c_fill,f_auto,fl_lossy,q_auto,w_800,h_400,c_pad/products/202008/5f30d29c54cab.jpg",https://www.glassesshop.com/eyeglasses/fm1470
Prairie,$34.95,"https://glassesshop-res.cloudinary.com/c_fill,f_auto,fl_lossy,q_auto,w_800,h_400,c_pad/products/202009/5f5f30f4cd92b.jpg",https://www.glassesshop.com/eyeglasses/fz1512
Miami,$29.95,"https://glassesshop-res.cloudinary.com/c_fill,f_auto,fl_lossy,q_auto,w_800,h_400,c_pad/products/201704/58f85d7ca440d.jpg",https://www.glassesshop.com/eyeglasses/fz0982
Delia,$54.95,"https://glassesshop-res.cloudinary.com/c_fill,f_auto,fl_lossy,q_auto,w_800,h_400,c_pad/products/202008/5f30c1989004e.jpg",https://www.glassesshop.com/eyeglasses/st0245
Wheaton,$44.95,"https://glassesshop-res.cloudinary.com/c_fill,f_auto,fl_lossy,q_auto,w_800,h_400,c_pad/products/202004/5ea6a7748d48b.jpg",https://www.glassesshop.com/eyeglasses/ft0389
